Type,Name,Request Count,Failure Count,Median Response Time,Average Response Time,Min Response Time,Max Response Time,Average Content Size,Requests/s,Failures/s,50%,66%,75%,80%,90%,95%,98%,99%,99.9%,99.99%,100%
POST,5_JV_GRAPH_FullDB,240,0,26000.0,25097.102280000097,4842.558699994697,36334.61669999815,132901.0,5.409820524520227,0.0,26000,31000,32000,33000,34000,35000,36000,36000,36000,36000,36000
,Aggregated,240,0,26000.0,25097.102280000097,4842.558699994697,36334.61669999815,132901.0,5.409820524520227,0.0,26000,31000,32000,33000,34000,35000,36000,36000,36000,36000,36000
