Type,Name,Request Count,Failure Count,Median Response Time,Average Response Time,Min Response Time,Max Response Time,Average Content Size,Requests/s,Failures/s,50%,66%,75%,80%,90%,95%,98%,99%,99.9%,99.99%,100%
POST,5_JV_GRAPH_FullDB,403,0,20000.0,18437.968980148868,1183.9017000020249,36534.645899999305,132901.0,8.943471301102605,0.0,20000,23000,27000,28000,30000,30000,33000,34000,37000,37000,37000
,Aggregated,403,0,20000.0,18437.968980148868,1183.9017000020249,36534.645899999305,132901.0,8.943471301102605,0.0,20000,23000,27000,28000,30000,30000,33000,34000,37000,37000,37000
