Type,Name,Request Count,Failure Count,Median Response Time,Average Response Time,Min Response Time,Max Response Time,Average Content Size,Requests/s,Failures/s,50%,66%,75%,80%,90%,95%,98%,99%,99.9%,99.99%,100%
POST,2_PY_GRAPH_FullDB,407,0,22000.0,20790.699846928786,300.0828000003821,34488.09700000129,218314.0,9.054046852475771,0.0,22000,26000,28000,30000,31000,32000,33000,33000,34000,34000,34000
,Aggregated,407,0,22000.0,20790.699846928786,300.0828000003821,34488.09700000129,218314.0,9.054046852475771,0.0,22000,26000,28000,30000,31000,32000,33000,33000,34000,34000,34000
