Type,Name,Request Count,Failure Count,Median Response Time,Average Response Time,Min Response Time,Max Response Time,Average Content Size,Requests/s,Failures/s,50%,66%,75%,80%,90%,95%,98%,99%,99.9%,99.99%,100%
POST,2_PY_GRAPH_FullDB,265,0,6900.0,6795.3395984907675,437.03069999901345,11003.11099999817,218314.0,5.8114681197143945,0.0,6900,7300,7700,7900,8600,9100,10000,11000,11000,11000,11000
,Aggregated,265,0,6900.0,6795.3395984907675,437.03069999901345,11003.11099999817,218314.0,5.8114681197143945,0.0,6900,7300,7700,7900,8600,9100,10000,11000,11000,11000,11000
