Type,Name,Request Count,Failure Count,Median Response Time,Average Response Time,Min Response Time,Max Response Time,Average Content Size,Requests/s,Failures/s,50%,66%,75%,80%,90%,95%,98%,99%,99.9%,99.99%,100%
POST,2_PY_GRAPH_FullDB,321,0,15000.0,17414.858409968678,290.0100000042585,40476.34300000209,218314.0,7.114541231261495,0.0,15000,21000,27000,29000,35000,37000,38000,39000,40000,40000,40000
,Aggregated,321,0,15000.0,17414.858409968678,290.0100000042585,40476.34300000209,218314.0,7.114541231261495,0.0,15000,21000,27000,29000,35000,37000,38000,39000,40000,40000,40000
